NewColumn1,NewColumn2,NewColumn3,NewColumn4,NewColumn5,NewColumn6,NewColumn7,NewColumn8,NewColumn9,NewColumn10
麻醉深度监测仪长尾词,关键词,麻醉深度监测仪,麻醉深度监测仪品牌,麻醉深度监测仪价格,深度麻醉监测仪,进口麻醉深度监测仪,德国麻醉深度监测仪,美国麻醉深度监测仪,NACor麻醉深度监测仪
迈瑞麻醉深度监测仪,库存麻醉深度监测仪,麻醉深度监测仪指南,宁波麻醉深度监测仪,麻醉深度监测仪飞利浦,麻醉深度监测仪csi,国产麻醉深度监测仪,麻醉深度监测仪深圳,麻醉深度监测仪对比,江苏特殊麻醉深度监测仪
脑电麻醉深度监测仪,特殊麻醉深度监测仪原理,西班牙进口麻醉深度监测仪,上海进口麻醉深度监测仪,宁波自动麻醉深度监测仪,杭州麻醉深度监测仪种类,金华进口麻醉深度监测仪,温州库存麻醉深度监测仪,温州麻醉深度监测仪种类,杭州麻醉深度监测仪服务
宁波麻醉深度监测仪价格,江苏定制麻醉深度监测仪,bis麻醉深度监测仪模块,上海供应麻醉深度监测仪,省电麻醉深度监测仪标准,上海自动麻醉深度监测仪,上海麻醉深度监测仪系列,麻醉深度监测仪品牌美的,省电麻醉深度监测仪厂家,以色列麻醉深度监测仪品牌
绍兴进口麻醉深度监测仪,库存麻醉深度监测仪厂家,浙江供应麻醉深度监测仪,上海大型麻醉深度监测仪,江苏自动麻醉深度监测仪,杭州麻醉深度监测仪系列,杭州麻醉深度监测仪原理,浙江定制麻醉深度监测仪,省电麻醉深度监测仪服务,温州微型麻醉深度监测仪
江苏微型麻醉深度监测仪,嘉兴自动麻醉深度监测仪,杭州现代麻醉深度监测仪,科迈麻醉深度监测仪,麻醉深度监测仪有哪些,江苏库存麻醉深度监测仪,浙江微型麻醉深度监测仪,宁波麻醉深度监测仪原理,省电麻醉深度监测仪系列,省电麻醉深度监测仪原理
上海麻醉深度监测仪原理,麻醉深度监测仪的卖点,江苏大型麻醉深度监测仪,江苏现代麻醉深度监测仪,温州省电麻醉深度监测仪,麻醉深度监测仪品牌进口,杭州供应麻醉深度监测仪,江苏进口麻醉深度监测仪,宁波大型麻醉深度监测仪,国产麻醉深度监测仪厂家
上海库存麻醉深度监测仪,湖州大型麻醉深度监测仪,嘉兴大型麻醉深度监测仪,湖州定制麻醉深度监测仪,宁波微型麻醉深度监测仪,绍兴省电麻醉深度监测仪,杭州自动麻醉深度监测仪,上海麻醉深度监测仪标准,杭州麻醉深度监测仪厂家,麻醉深度监测仪迈瑞
上海现代麻醉深度监测仪,浙江现代麻醉深度监测仪,宁波进口麻醉深度监测仪,浙江库存麻醉深度监测仪,绍兴特殊麻醉深度监测仪,麻醉深度监测仪品牌csi,嘉兴进口麻醉深度监测仪,浙江好的麻醉深度监测仪,麻醉深度监测仪电路图,麻醉深度监测仪科瑞康
脑电麻醉深度监测仪品牌,江苏省电麻醉深度监测仪,麻醉深度监测仪有什么好处,好的麻醉深度监测仪服务,浙江省电麻醉深度监测仪,麻醉深度监测仪医药行标,好的麻醉深度监测仪系列,麻醉深度监测仪市场报告,江苏好的麻醉深度监测仪,临床常用的麻醉深度监测仪
美敦力麻醉深度监测仪中标,麻醉深度监测仪十大品牌,省电麻醉深度监测仪价目表,四川科弘麻醉深度监测仪,普可麻醉深度监测仪怎么样,麻醉深度监测仪 比较,麻醉深度监测仪进口,麻醉深度监测仪 中标,北京麻醉深度监测仪,cbs麻醉深度监测仪
麻醉深度监测仪中标,narcotrend麻醉深度监测仪,飞利浦麻醉深度监测仪,丹麦麻醉深度监测仪,麻醉深度监测仪杭州,麻醉深度bis监测仪,麻醉深度监测仪种类,VISTA麻醉深度监测仪,麻醉深度监测仪2316588Z空间,麻醉深度监测仪 北京
麻醉深度监测仪EMG,麻醉深度监测仪 动物,麻醉深度监测仪用途,麻醉深度监测仪价位,麻醉深度监测仪AI,特殊麻醉深度监测仪,麻醉深度监测仪 aspect,国外麻醉深度监测仪,麻醉深度监测仪国标,麻醉深度监测仪ppt
masimo麻醉深度监测仪,山东麻醉深度监测仪,麻醉深度的监测仪,麻醉深度监测仪讲解,麻醉深度监测仪行情,麻醉深度监测仪声音,麻醉深度监测仪 市场,麻醉镇静深度监测仪,供应麻醉深度监测仪,麻醉深度监测仪参数
深度麻醉监测仪销售,德国 麻醉深度监测仪,麻醉深度监测仪+aspect,购买麻醉深度监测仪,麻醉深度监测仪cbs,贵州麻醉深度监测仪,麻醉深度监测仪厂家,麻醉深度监测仪u,SCHILLER麻醉深度监测仪,麻醉深度监测仪技巧
福田麻醉深度监测仪,现代麻醉深度监测仪,麻醉深度监测仪conview,麻醉深度监测仪 进口,麻醉深度监测仪作用,麻醉深度监测仪波形,麻醉深度监测仪问题,麻醉深度监测仪 合肥,金华麻醉深度监测仪,麻醉深度监测仪位置
GE麻醉深度监测仪,麻醉深度监测仪购买,和美麻醉深度监测仪,麻醉深度监测仪校正,麻醉深度监测仪特点,上海麻醉深度监测仪,麻醉深度监测仪NT,麻醉深度监测仪意义,嘉兴麻醉深度监测仪,智能麻醉深度监测仪
麻醉深度监测仪云南,广西麻醉深度监测仪,国内麻醉深度监测仪,麻醉深度监测仪数值,conview麻醉深度监测仪,麻醉深度监测仪英文,麻醉深度监测仪原理,麻醉深度监测仪 成都,puke麻醉深度监测仪,麻醉深度监测仪 参数
温州麻醉深度监测仪,深圳麻醉深度监测仪,麻醉深度监测仪评分,麻醉深度监测仪耗材,stockert麻醉深度监测仪,麻醉深度监测仪 价格,麻醉深度监测仪模块,麻醉深度监测仪系列,麻醉深度参数监测仪,麻醉深度监测仪图片
麻醉深度监测仪排名,麻醉深度监测仪angel,麻醉深度监测仪pcb,脑电图麻醉深度监测仪,麻醉深度监测仪标准,麻醉深度监测仪watch,麻醉深度监测仪操作,全身麻醉深度监测仪,麻醉深度监测仪 bis),杭州麻醉深度监测仪
CSI麻醉深度监测仪,还是麻醉深度监测仪,麻醉深度监测仪申请,麻醉深度监测仪_德国,自动麻醉深度监测仪,麻醉深度监测仪 捐赠,浙江麻醉深度监测仪,麻醉深度监测仪市场,麻醉深度监测仪 小型,麻醉深度监测仪注册
麻醉深度监测仪牌子,上海 麻醉深度监测仪,麻醉深度监测仪德国,麻醉深度监测仪bis,湖州麻醉深度监测仪,太极麻醉深度监测仪,麻醉深度监测仪功能,pearlcare麻醉深度监测仪,麻醉深度监测仪论文,麻醉深度监测仪附件
麻醉深度监测仪配置,深度麻醉监测仪 小儿,麻醉深度监测仪北京,强生麻醉深度监测仪,麻醉深度监测仪又称,麻醉深度监测仪 德国,covidien麻醉深度监测仪,麻醉深度监测仪服务,麻醉深度监测仪招标,安徽麻醉深度监测仪
绍兴麻醉深度监测仪,麻醉深度监测仪国产,麻醉深度监测仪意大利,江苏麻醉深度监测仪,bls麻醉深度监测仪,山西麻醉深度监测仪,麻醉深度监测仪ioc,大型麻醉深度监测仪,麻醉全深度监测仪,微型麻醉深度监测仪
麻醉深度监测仪使用,麻醉深度监测仪优势,麻醉深度监测仪收费,麻醉深度监测仪报价,麻醉深度监测仪安徽,麻醉深度监测仪 bis,定制麻醉深度监测仪,麻醉深度监测仪招商,麻醉深度监测仪价格多少,麻醉深度监测仪连接图
麻醉深度监测仪价格大全,bis麻醉深度监测仪声音,嘉兴麻醉深度监测仪服务,浙江自动麻醉深度监测仪,麻醉深度监测仪风险提示,进口麻醉深度监测仪系列,麻醉深度监测仪的安装,微型麻醉深度监测仪系列,麻醉深度监测仪检测值,广东深圳麻醉深度监测仪
现代麻醉深度监测仪技巧,国产麻醉深度监测仪品牌,浙江购买麻醉深度监测仪,温州定制麻醉深度监测仪,金华微型麻醉深度监测仪,定制麻醉深度监测仪厂家,湖州进口麻醉深度监测仪,嘉兴麻醉深度监测仪原理,定制麻醉深度监测仪服务,麻醉深度csi监测仪电极
麻醉深度监测仪什么作用,定制麻醉深度监测仪技巧,麻醉深度监测仪进口厂家,购买麻醉深度监测仪标准,金华麻醉深度监测仪厂家,省电麻醉深度监测仪种类,微型麻醉深度监测仪种类,嘉兴库存麻醉深度监测仪,定制麻醉深度监测仪系列,嘉兴麻醉深度监测仪种类
麻醉深度监测仪临床应用,麻醉深度监测仪csi用法,普可麻醉深度监测仪,金华麻醉深度监测仪原理,麻醉深度监测仪 美国bis,金华麻醉深度监测仪系列,绍兴供应麻醉深度监测仪,金华库存麻醉深度监测仪,定制麻醉深度监测仪对比,温州自动麻醉深度监测仪
国产bis麻醉深度监测仪,麻醉深度监测仪nt记录,购买麻醉深度监测仪技巧,麻醉深度监测仪 论证报告,麻醉深度监测仪  迈瑞,绍兴麻醉深度监测仪种类,温州特殊麻醉深度监测仪,麻醉深度监测仪电极片,麻醉深度监测仪招标参数,麻醉深度监测仪瑞金医院
德尔格麻醉深度监测仪,金华特殊麻醉深度监测仪,上海麻醉深度监测仪厂家,江苏购买麻醉深度监测仪,bis麻醉深度监测仪品牌,嘉兴麻醉深度监测仪标准,湖州购买麻醉深度监测仪,自动麻醉深度监测仪对比,大型麻醉深度监测仪标准,定制麻醉深度监测仪标准
麻醉深度监测仪双通道,麻醉深度监测仪江苏品牌,嘉兴麻醉深度监测仪系列,麻醉深度监测仪厂家品牌,熵指数 麻醉深度监测仪,科惠麻醉深度监测仪,麻醉深度监测仪国内品牌,嘉兴微型麻醉深度监测仪,杭州大型麻醉深度监测仪,多参数麻醉深度监测仪
金华购买麻醉深度监测仪,金华麻醉深度监测仪标准,浙江特殊麻醉深度监测仪,杭州进口麻醉深度监测仪,Ai麻醉深度指数监测仪,麻醉深度多参数监测仪,大型麻醉深度监测仪原理,湖州麻醉深度监测仪原理,麻醉深度监测仪BIS价格,绍兴库存麻醉深度监测仪
麻醉深度监测仪的品牌,麻醉深度电生理监测仪,温州大型麻醉深度监测仪,绍兴现代麻醉深度监测仪,麻醉深度监测仪的作用,杭州麻醉深度监测仪对比,大型麻醉深度监测仪对比,麻醉深度监测仪BIS图片,湖州麻醉深度监测仪厂家,湖州麻醉深度监测仪标准
美国麻醉深度监测仪品牌,丹麦的麻醉深度监测仪,麻醉深度监测仪增加模块,宁波麻醉深度监测仪对比,湖州麻醉深度监测仪系列,bis麻醉深度监测仪价格,柯{麻醉深度监测仪,杭州定制麻醉深度监测仪,微型麻醉深度监测仪服务,麻醉深度监测仪的意义
购买麻醉深度监测仪种类,江苏麻醉深度监测仪厂家,麻醉深度监测仪结果解读,现代麻醉深度监测仪厂家,麻醉深度监测仪几类器械,山西麻醉深度监测仪厂家,麻醉深度监测仪金佳,微型麻醉深度监测仪原理,诺和麻醉深度监测仪,浙江麻醉深度监测仪种类
美国bis麻醉深度监测仪,宁波库存麻醉深度监测仪,麻醉深度监测仪品牌好,麻醉深度监测仪指导原则,深度麻醉监测仪 科乐,求购生产麻醉深度监测仪,金华麻醉深度监测仪服务,浙江麻醉深度监测仪系列,进口麻醉深度监测仪厂家,上海特殊麻醉深度监测仪
麻醉深度监测仪北京厂家,宁波麻醉深度监测仪系列,自动麻醉深度监测仪技巧,麻醉深度监测仪操作流程,自动麻醉深度监测仪种类,宁波定制麻醉深度监测仪,麻醉深度监测仪行标,供应麻醉深度监测仪技巧,麻醉深度监测仪掏钱吗,微型麻醉深度监测仪技巧
江苏供应麻醉深度监测仪,迈瑞 麻醉深度监测仪,脑电波麻醉深度监测仪,温州麻醉深度监测仪原理,麻醉深度监测仪进口论证,进口麻醉深度监测仪标准,宁波麻醉深度监测仪种类,深圳太极麻醉深度监测仪,麻醉深度监测仪中标公告,麻醉深度监测仪怎么使用
湖州特殊麻醉深度监测仪,特殊麻醉深度监测仪对比,进口麻醉深度监测仪对比,进口麻醉深度监测仪品牌,特殊麻醉深度监测仪厂家,麻醉深度监测仪工作原理,宁波麻醉深度监测仪标准,现代麻醉深度监测仪原理,conview麻醉深度监测仪弊端,进口麻醉深度监测仪服务
浙江麻醉深度监测仪服务,现代麻醉深度监测仪系列,绍兴麻醉深度监测仪服务,金华现代麻醉深度监测仪,麻醉深度监测仪使用流程,麻醉深度监测仪购置理由,科汇麻醉深度监测仪,自动麻醉深度监测仪原理,麻醉深度监测仪预期用途,麻醉深度监测仪大概价格
湖州现代麻醉深度监测仪,麻醉深度监测仪安全吗,嘉兴定制麻醉深度监测仪,库存麻醉深度监测仪种类,绍兴大型麻醉深度监测仪,思维特麻醉深度监测仪,麻醉深度监测仪正常波形,微型麻醉深度监测仪对比,宁波现代麻醉深度监测仪,进口麻醉深度监测仪价格
德国麻醉深度监测仪品牌,温州麻醉深度监测仪系列,bis麻醉深度监测仪组件,麻醉深度监测仪bis值,麻醉深度监测仪粘贴部位,定制麻醉深度监测仪种类,供应麻醉深度监测仪种类,杭州微型麻醉深度监测仪,库存麻醉深度监测仪系列,现代麻醉深度监测仪标准
浙江进口麻醉深度监测仪,自动麻醉深度监测仪标准,绍兴麻醉深度监测仪厂家,麻醉深度监测仪厂家价格,麻醉深度监测仪检测费,江苏麻醉深度监测仪标准,特殊麻醉深度监测仪系列,麻醉深度监测仪招标公告,bis麻醉深度监测仪优势,麻醉深度肌松监测仪
嘉兴特殊麻醉深度监测仪,浙江麻醉深度监测仪厂家,麻醉深度监测仪厂家招聘,宁波省电麻醉深度监测仪,特殊麻醉深度监测仪种类,定制麻醉深度监测仪原理,麻醉深度监测仪科飞达,单纯麻醉镇静深度监测仪,湖州自动麻醉深度监测仪,麻醉深度监测仪的功能
美国麻醉深度监测仪bis,科曼麻醉深度监测仪,绍兴麻醉深度监测仪原理,金华自动麻醉深度监测仪,绍兴购买麻醉深度监测仪,现代麻醉深度监测仪服务,进口麻醉深度监测仪种类,德国bis麻醉深度监测仪,麻醉深度监测仪哪家好,宁波供应麻醉深度监测仪
合美麻醉深度监测仪,大型麻醉深度监测仪系列,浙江麻醉深度监测仪原理,温州供应麻醉深度监测仪,湖州供应麻醉深度监测仪,供应麻醉深度监测仪价格,浙江麻醉深度监测仪标准,国内麻醉深度监测仪厂家,麻醉深度监测仪 蓝点电极,温州进口麻醉深度监测仪
供应麻醉深度监测仪厂家,麻醉深度监测仪是步骤,思路高麻醉深度监测仪,麻醉深度监测仪的耗材,麻醉深度监测仪名希,美合麻醉深度监测仪,深度麻醉监测仪中标价,麻醉深度监测仪竞品,金华定制麻醉深度监测仪,绍兴麻醉深度监测仪系列
嘉兴供应麻醉深度监测仪,麻醉深度监测仪故障处理,麻醉深度监测仪普可,湖州麻醉深度监测仪服务,麻醉深度监测仪商指数,微型麻醉深度监测仪标准,德国麻醉深度监测仪中标,江苏麻醉深度监测仪系列,嘉兴现代麻醉深度监测仪,现代麻醉深度监测仪种类
麻醉深度监测仪 迈瑞,bis麻醉深度监测仪厂家,bis麻醉深度监测仪中标,西班牙麻醉深度监测仪品牌,金华麻醉深度监测仪种类,绍兴自动麻醉深度监测仪,麻醉深度监测仪的报告,湖州麻醉深度监测仪种类,绍兴定制麻醉深度监测仪,迈瑞+麻醉深度监测仪
金华供应麻醉深度监测仪,麻醉深度监测仪检验报告,奥生麻醉深度监测仪,动物麻醉深度监测仪使用,杭州麻醉深度监测仪标准,麻醉深度监测仪中标价,麻醉深度监测仪sqi值,麻醉深度监测仪sq过低,嘉兴购买麻醉深度监测仪,重庆麻醉深度监测仪收费
麻醉深度监测仪sef值,bis麻醉深度监测仪数值,力康麻醉深度监测仪,恩科达麻醉深度监测仪,麻醉深度监测仪实拍,麻醉深度监测仪北京品牌,narcotrend麻醉深度监测仪说明,特殊麻醉深度监测仪技巧,麻醉深度监测仪怎么用,麻醉深度指数监测仪csi
杭州特殊麻醉深度监测仪,美和麻醉深度监测仪,上海定制麻醉深度监测仪,自动麻醉深度监测仪厂家,大型麻醉深度监测仪服务,什么是麻醉深度监测仪,麻醉深度监测仪是几类,温州现代麻醉深度监测仪,麻醉深度监测仪2020年,特殊麻醉深度监测仪标准
自动麻醉深度监测仪系列,汉诺威麻醉深度监测仪,麻醉深度监测仪科惠,上海麻醉深度监测仪种类,麻醉深度监测仪中标结果,温州麻醉深度监测仪服务,大型麻醉深度监测仪种类,大型麻醉深度监测仪厂家,大型麻醉深度监测仪技巧,宁波麻醉深度监测仪厂家
国产麻醉深度监测仪图片,麻醉深度监测仪厂家排名,麻醉深度监测仪国产价格,麻醉深度监测仪的价格,爱朋麻醉深度监测仪,bis麻醉深度监测仪使用,麻醉深度监测仪危险吗,合肥麻醉深度监测仪厂家,麻醉深度监测仪功能介绍,江苏麻醉深度监测仪原理
小山医疗麻醉深度监测仪,湖州微型麻醉深度监测仪,国产麻醉深度监测仪怎样,术中麻醉深度监测仪,麻醉深度监测仪 普可,麻醉深度监测仪的原理,麻醉深度监测仪 AI日志,浙江大型麻醉深度监测仪,麻醉深度监测仪连接问题,江苏麻醉深度监测仪服务
上海麻醉深度监测仪服务,现代麻醉深度监测仪对比,嘉兴麻醉深度监测仪厂家,绍兴微型麻醉深度监测仪,麻醉深度监测仪国产排行,自动麻醉深度监测仪服务,杭州库存麻醉深度监测仪,bis麻醉深度监测仪耗材,温州麻醉深度监测仪厂家,柯惠麻醉深度监测仪
微型麻醉深度监测仪厂家,宁波麻醉深度监测仪服务,格阳麻醉深度监测仪,麻醉深度监测仪市场发展,好的麻醉深度监测仪,进口麻醉深度监测仪原理,进口narcotrend麻醉深度监测仪,绍兴麻醉深度监测仪标准,上海微型麻醉深度监测仪,江苏麻醉深度监测仪种类
太极麻醉深度监测仪厂家,温州麻醉深度监测仪标准,麻醉深度监测仪进口品牌,麻醉深度监测仪品牌c,麻醉深度监测仪 中标价,泸州麻醉深度监测仪厂家,麻醉深度监测仪怎么贴,金华大型麻醉深度监测仪,麻醉机和麻醉深度监测仪,麻醉深度监测仪脑电监测tci
上海库存麻醉深度监测仪厂家,麻醉深度监测仪技术指标,narcotrend麻醉深度监测仪的价格,四川麻醉深度监测仪,bis麻醉深度监测仪怎么用,麻醉深度监测仪厂家科曼,麻醉深度监测仪zn7308,河北诺和麻醉深度监测仪,麻醉深度监测仪会报警吗,麻醉深度脑电监测仪bis
麻醉深度监测仪分哪些种类,好的麻醉深度监测仪对比,麻醉深度监测仪正常值,浙江普可麻醉深度监测仪,麻醉深度监测仪考试题,成都科飞达麻醉深度监测仪,麻醉深度监测仪模块化,麻醉深度监测仪数字怎么读懂,麻醉深度监测仪的临床应用,奥生麻醉深度监测仪品牌
麻醉深度监测仪有哪些厂家,宁波特殊麻醉深度监测仪,麻醉深度监测仪驼人牌,麻醉深度监测仪中标价格,成都迈高麻醉深度监测仪,好的麻醉深度监测仪厂家,金脑人麻醉深度监测仪,麻醉深度监测仪深圳厂家,麻醉深度监测仪浙江普可,绍兴好的麻醉深度监测仪
马西姆麻醉深度监测仪,麻醉深度监测仪有几个厂家,麻醉深度监测仪 英文翻译,德尔格麻醉深度监测仪品牌,bis麻醉深度监测仪中标通知,麻醉深度监测仪使用说明,华翔科技麻醉深度监测仪,浙江自动麻醉深度监测仪厂家,便携式麻醉深度监测仪,麻醉深度电生理监测仪ppt
浙江一洋麻醉深度监测仪,麻醉深度监测仪Ai趋势图,爱朋麻醉深度监测仪参数,美合麻醉深度监测仪厂家,麻醉深度监测仪深圳格阳,柯惠bis麻醉深度监测仪,bis麻醉深度监测仪适应人群,美国俾斯麻醉深度监测仪,bis麻醉深度监测仪中标公告,麻醉深度监测仪中标公告甘肃
欧美达麻醉深度监测仪电极,进口麻醉深度监测仪中标价,麻醉深度监测仪分哪些模块,国内麻醉深度监测仪有哪些,扬子江麻醉深度监测仪,德国进口BIS麻醉深度监测仪,麻醉深度监测仪BIS中标通知,迈瑞医疗麻醉深度监测仪,金华供应麻醉深度监测仪种类,麻醉意识深度监测仪csi
麻醉深度监测仪常见故障,瑞思凯麻醉深度监测仪,麻醉深度监测仪社会效益,迈瑞麻醉深度监测仪参数,北京思路高麻醉深度监测仪,麻醉深度监测仪属于多少类,麻醉深度监测仪原理图,麻醉深度监测仪参数是什么,普可医疗麻醉深度监测仪,杭州供应麻醉深度监测仪系列
麻醉深度监测仪市场行情,国产麻醉深度监测仪有哪些,bis麻醉深度监测仪 迈瑞,麻醉深度监测仪外包装,深圳诺和麻醉深度监测仪,麻醉深度监测仪多少钱,供应麻醉深度监测仪操作流程,麻醉深度监测仪思诺高,麻醉深度监测仪市场份额,zn7308麻醉深度监测仪
麻醉深度监测仪emg多少正常,金华好的麻醉深度监测仪,麻醉深度监测仪有用吗,宁波好的麻醉深度监测仪,邵氏华艾麻醉深度监测仪,麻醉深度监测仪有哪些数据,麻醉深度监测仪手术需要吗,麻醉深度监测仪厂家电话,麻醉深度监测仪yy-105,深圳奥生麻醉深度监测仪
几种麻醉深度监测仪品牌,深圳浩康麻醉深度监测仪,诺和麻醉深度监测仪中标,美和麻醉深度监测仪厂家,麻醉深度监测仪贴位置使用,麻醉深度监测仪NT的意思,麻醉深度监测仪市场前景,麻醉深度监测仪要开多久,麻醉深度监测仪是bis吗,好的麻醉深度监测仪种类
格阳麻醉深度监测仪价格,杭州大型麻醉深度监测仪厂家,浙江特殊麻醉深度监测仪厂家,诺和麻醉深度监测仪价格,麻醉深度监测仪丹密特,麻醉深度监测仪实施方案,迈瑞的麻醉深度监测仪,麻醉深度监测仪适应症,麻醉深度监测仪必要性,安徽诺和麻醉深度监测仪
麻醉深度监测仪的评价指标,威浩康麻醉深度监测仪,深圳迈瑞 麻醉深度监测仪,麻醉深度监测仪排行榜,普可麻醉深度监测仪价格,深圳麻醉深度监测仪美格尔,麻醉深度监测仪临床意义,迈瑞麻醉深度监测仪价格,麻醉深度监测仪是不是dis,格阳医疗麻醉深度监测仪
温州好的麻醉深度监测仪,麻醉深度监测仪起什么作用,麻醉深度脑电监测仪 厂家,麻醉深度监测仪二手,温州自动麻醉深度监测仪种类,麻醉深度监测仪有哪几公司,麻醉深度多参数监测仪厂家,迈瑞麻醉深度监测仪中标,好的麻醉深度监测仪标准,麻醉深度监测仪使用方法
好的麻醉深度监测仪原理,麻醉深度监测仪行业标准,麻醉深度脑电监测仪厂家,嘉兴好的麻醉深度监测仪,麻醉深度监测仪成都迈高,麻醉深度监护仪和监测仪,美国贝斯麻醉深度监测仪,麻醉深度监测仪爆发抑制比,浙江现代麻醉深度监测仪厂家,迈瑞bis麻醉深度监测仪
湖州好的麻醉深度监测仪,narcotrend麻醉深度监测仪怎么贴,麻醉深度监测仪科菲达,脑电双频麻醉深度监测仪,麻醉深度监测仪说明书,神经电生理麻醉深度监测仪,麻醉深度监测仪技术参数,浙江自动麻醉深度监测仪原理,深度麻醉监测仪的国产厂家,麻醉深度监测仪美敦力
合肥诺和麻醉深度监测仪,麻醉深度监测仪有哪些模块,麻醉深度监测仪怎么看,麻醉深度监测仪私人定做,麻醉深度监测仪价目表,麻醉深度监测仪mg8002,麻醉深度监测仪图片及品牌,美敦力麻醉深度监测仪,三埃弗麻醉深度监测仪,温州进口麻醉深度监测仪厂家
麻醉深度监测仪品牌有哪些,麻醉深度监测仪 便携式,bis麻醉深度监测仪传感器,金华麻醉深度监测仪价目表,大型麻醉深度监测仪价目表,BIS麻醉深度监测仪是什么品牌,宁波好的麻醉深度监测仪厂家,麻醉深度监测仪申请报告,美国BIS麻醉深度监测仪官网,麻醉深度监测仪许可证编码
嘉兴麻醉深度监测仪价目表,库存麻醉深度监测仪价目表,麻醉深度监测仪可行性分析,麻醉深度监测仪生产厂家,定制麻醉深度监测仪价目表,麻醉深度监测仪有副作用吗,麻醉深度监测仪研究必要性,麻醉深度监测仪CSI与BIS区别,高档分体式麻醉深度监测仪,麻醉深度监测仪sqi值多少合适
conview麻醉深度监测仪说明书,迈高麻醉深度监测仪的报告,自动麻醉深度监测仪价目表,深圳麻醉深度监测仪代理商,麻醉深度监测仪大概多少钱,特殊麻醉深度监测仪价目表,conview麻醉深度监测仪中标价格,麻醉深度监测仪MHM7000A,供应麻醉深度监测仪价目表,德国进口BIS麻醉深度监测仪厂家
bis麻醉深度监测仪中标价格,麻醉深度监测仪好不好卖,麻醉深度监测仪是谁发明的,温州好的麻醉深度监测仪种类,麻醉深度监测仪可以检测哪些气体,宁波麻醉深度监测仪价目表,进口麻醉深度监测仪价目表,湖州麻醉深度监测仪价目表,绍兴麻醉深度监测仪价目表,麻醉深度监测仪的临床意义
麻醉深度监测仪美敦力6,浙江麻醉深度监测仪价目表,麻醉深度监测仪价格多少钱,麻醉深度监测仪是三类,现代麻醉深度监测仪价目表,麻醉深度监测仪传感器耗材,江苏麻醉深度监测仪价目表,麻醉深度监测仪ioc说明书,多模态麻醉意识深度监测仪,麻醉深度监测仪叫什么名字
麻醉深度监测仪bisa5图片,麻醉深度监测仪市场价格,麻醉深度监测仪北京哪里有卖,麻醉深度监测仪的行业标准,购买麻醉深度监测仪价目表,麻醉深度监测仪的社会效益,微型麻醉深度监测仪价目表,泰和中医院麻醉深度监测仪,杭州麻醉深度监测仪价目表,上海麻醉深度监测仪价目表
麻醉深度监测仪需要用吗,麻醉深度监测仪的市场竞争,广州麻醉深度监测仪代理商,浙江好的麻醉深度监测仪厂家,温州麻醉深度监测仪价目表,麻醉深度监测仪深圳威浩康,山西麻醉深度监测仪生产厂家,麻醉深度监测仪上qs什么意思,麻醉深度监测仪注册需要什么文件,麻醉深度监测仪国产品牌
麻醉深度监测仪使用说明书,bis麻醉深度监测仪的经济效益,麻醉深度监测仪北京生产厂家,麻醉深度监测仪在重症使用的意义,csm麻醉深度监测仪是谁发明的,迈瑞麻醉深度监测仪多少钱,一台麻醉深度监测仪的费用,宁波微型麻醉深度监测仪价目表,上海供应麻醉深度监测仪价目表,麻醉深度监测仪需要临床试验吗
麻醉深度监测仪的基本原理,温州自动麻醉深度监测仪价目表,bis麻醉深度监测仪是什么品牌的,杰纳瑞 脑电麻醉深度监测仪,诺和麻醉深度监测仪怎么样,好的麻醉深度监测仪价目表,脑电传感器麻醉深度监测仪,杭州好的麻醉深度监测仪私人定做,格阳麻醉深度监测仪GY6000A,麻醉深度监测仪多少钱一台
麻醉深度监测仪价目表美敦力,平凉市人民医院麻醉深度监测仪,,,,,,,,
